Source,Format that we'll share in,Description,Tone,Caption,Credit,Meroka Twist,Platform to be shared,Link,Drive
Instagram,Reel,Video out flawed health insurance system  (claim reviewer has no medical license/clinical experience),"Funny, lighthearted",,@amivadadamd on instagram,"Add caption over video, reference Doc","X, Instagram, TikTok",N/A,https://drive.google.com/file/d/1vleFz8kWfsPu56KXJdD_HPCEKg_C8Oyf/view?usp=drive_link
Instagram,Reel,"Image with text over it, complaining about hardships of working in healthcare","Sad, desperation",,@docoffgrid on instagram,"Add caption over video, reference Doc","X, Instagram, TikTok",N/A,https://drive.google.com/file/d/1MtZDWmACOofmtlw27zxQCe8D3lY_wZXH/view?usp=drive_link
Instagram,Reel,"Video ""When your patient is telling you a story but you're 3 patients behind and haevn't had lunch yet""","Funny, lighthearted",,@5aadt on instagram,"Add caption over video, reference Doc","X, Instagram, TikTok",N/A,https://drive.google.com/file/d/162AWM1KRaWVs18RnATYYumVmfdXmStfr/view?usp=drive_link
Instagram,Reel,"Video of a ex-doctor who needed a hug, but ended up quitting healthcare instead","Sad, low mood",,@drbeccasalmon on instagram,"Add caption over video, reference Doc","X, Instagram, TikTok",N/A,https://drive.google.com/file/d/1P80erFMrMa2AmUIvLepENVTvB_RoBhBb/view?usp=drive_link
Instagram,Reel,"Video of describign stark reality of healthcare for doctors (insane hours, ""can't remember my own name""","High energy, sarcastic",,@doctorchrisg on instagram,"Add caption over video, reference Doc","X, Instagram, TikTok",N/A,https://drive.google.com/file/d/1bPFM88ucDvcmEnl_z27tCNb9GC3tKmFJ/view?usp=drive_link
Instagram,Reel,"Video with text ""when people outside healthcare ask why we're always overstimulated but this is what we hear 12 hours a day""","Funny, sarcastic",,@drsteph.aesthetics on instagram,"Add caption over video, reference Doc","X, Instagram, TikTok",N/A,https://drive.google.com/file/d/1AjfxSyrSrL6l_H7Kkspz_evC4sVYA7D9/view?usp=drive_link
Instagram,Reel,"Revenant reference, hard to describe so go see it lol","Funny, meme",,@hospital_hustle on instagram,"Add caption over video, reference Doc","X, Instagram, TikTok",N/A,https://drive.google.com/file/d/1CDH69jIukPKJqJ2qp4WPGARMNg7qML3M/view?usp=drive_link
Instagram,Reel,"Doctor sitting on chair, seemingly tired after long shift, ""when the shift was so rough you get home and sit alone if your scrubs""","Tired, burntout",,@dr_ammar_ali_khan_ on instagram,"Add caption over video, reference Doc","X, Instagram, TikTok",N/A,https://drive.google.com/file/d/1HNsNIzLOkHhjdNPJzoRAiwJhZOMkZ1mQ/view?usp=drive_link
Instagram,Reel,"""Walking into your healthcare job when you're the one who needs healthcare"", referene to The Help","Tired, meme",,@thenursescholar on instagram,"Add caption over video, reference Doc","X, Instagram, TikTok",N/A,https://drive.google.com/file/d/1MNpfYPB7pYyoqq6yPEO2y9SReuXZ5lAH/view?usp=drive_link
Instagram,Reel,"""Me trying to answer texts at the hospital"", feat robert downey junior in warzone","Funny, meme",,N/A,"Add caption over video, reference Doc","X, Instagram, TikTok",N/A,https://drive.google.com/file/d/1e8m7kVnydyqmVKzi2hehqkiq0stFDhAu/view?usp=drive_link
Instagram,Reel,"Doctor ""fake"" hurting himself (finger gun to head"" whilst sayig, oh everything is great!","Sarcastic, funny",,@thelifestylecrna on instagram,"Add caption over video, reference Doc","X, Instagram, TikTok",N/A,https://drive.google.com/file/d/12LuMVBRuQ-i3nqeVmTnqzSwRh2-pgAAD/view?usp=drive_link
TV Show,Video,"Clip from the Pitt, doctors going through day-to-day hardships","Funny, real",,@tntdrama on instagram,"Add caption over video, reference Doc","X, Instagram, TikTok",N/A,https://drive.google.com/file/d/1Njr5_lV65ULuLFprgzC4OaRUVase7oWt/view?usp=drive_link
Youtube,Reel,Interesting take: U.S. healthcare is SICK care. Compares China's healthcare vs U.S. healthcare and incentive structures,"Woke, rant",,@TheIcedCoffeeHour,"Take away video, keep speech and turn it into a voice memo format (just like Doc UI)","X, Instagram",N/A,https://drive.google.com/file/d/1e_Fdxn5TECtTtlw1RiqIh_uypVS7BMqL/view?usp=drive_link
Youtube,Reel,Doctor VS Insurance companies (roleplay video),"Funny, Sarcastic",,@DoctorRich,"Take away video, keep speech and turn it into a voice memo format (just like Doc UI)","X, Instagram",N/A,https://drive.google.com/file/d/1-3OErBB8PTyvM1h-B1QET60BY3Ds0FuD/view?usp=drive_link
Youtube,Reel,Doctor explaining how he had to quit because he needed to prioritize his kids,"Sad, Catalystic",,@hipaulyang,"Take away video, keep speech and turn it into a voice memo format (just like Doc UI)","X, Instagram",N/A,https://drive.google.com/file/d/166GuDiC8vH6ZuSvzV7FGNFarxDYnJVZa/view?usp=drive_link
Youtube,Reel,Exposes how health insurance is a scam,"Rant, Woke",,@DoctorMike,"Take away video, keep speech and turn it into a voice memo format (just like Doc UI)","X, Instagram",N/A,https://drive.google.com/file/d/1QkTD_b0rsMW0CXiamdvhyp2bi1821LsI/view?usp=drive_link
Youtube,Reel,Discusses burnout --> extreme effort with a lack of reward,"Rant, Woke",,@HealthyGamerGG,"Take away video, keep speech and turn it into a voice memo format (just like Doc UI)","X, Instagram",N/A,https://drive.google.com/file/d/1tvZdxIZGAY4UFe68-GF9v226khnUrG3U/view?usp=drive_link
Youtube,Audio snippet,"
I Was An MIT Educated Neurosurgeon Now I'm Unemployed And Alone In The Mountains How Did I Get Here?

Relevant quotes
""The focus of medicine wasn't in the right place. It wasn't in healing‚Äîit was in making money from surgeries and pills"" (30:38)
""If you figure out a way to help patients heal and that way doesn't include a pill or a surgery... well then the hospital and the doctor are in big trouble"" (26:24)
""The incentives are not right in the whole system... it's not about prevention, it's about therapies"" (31:06)
""If you figure out a way to help people heal and you can't charge them for it, well then you've just worked yourself out of a job"" (26:48)",Awakening,,@Goobie and Doobie,"Take away video, keep speech and turn it into a voice memo format (just like Doc UI)","X, Instagram",https://www.youtube.com/watch?v=25LUF8GmbFU,
Youtube,Reel,30 days of US Helathcare: Co-Insurance (Roleplay),"Sarcastic, satire",,@DGlaucomflecken,"Take away video, keep speech and turn it into a voice memo format (just like Doc UI)","X, Instagram",N/A,https://drive.google.com/file/d/1LKVCRZftcKNbDIezY7UhppRbHTMI7PH4/view?usp=drive_link
Youtube,Audio snippet,,,,,"Take away video, keep speech and turn it into a voice memo format (just like Doc UI)","X, Instagram",,
Youtube,Audio snippet,,,,,"Take away video, keep speech and turn it into a voice memo format (just like Doc UI)","X, Instagram",,
Spotify,Audio snippet,"She spoke out about health insurance. Now, this doctor says she could lose her business","News, exposing",,@Today Explained,"Take away video, keep speech and turn it into a voice memo format (just like Doc UI)","X, Instagram",https://open.spotify.com/episode/0ubzyKrUPk4HoOLnjjw7KX?si=8ffa0c2664714480,
Spotify,Audio snippet,"""We're all iin the hospice business"" - Dr. Oz
""There are not enough GPs in America. We probably need two to three times more just to keep up with Europe per capita."" (14:54)
This transcript is more about systemic fraud and policy than physician burnout, but it reinforces Meroka's narrative:

The system is broken at every level
Good people inside the system are silenced
Fraud steals from the patients who actually need care
Independent physicians trying to do the right thing are fighting a rigged game","News, discussion, rant",,"@All-In Chamath, Jason, Sacks & Friedberg","Take away video, keep speech and turn it into a voice memo format (just like Doc UI)","X, Instagram",https://open.spotify.com/episode/5aoDzFETytHaPJfSsobD6X?si=a20069cd22c24bd8,
Spotify,Audio snippet,,,,,"Take away video, keep speech and turn it into a voice memo format (just like Doc UI)","X, Instagram",,
Spotify,Audio snippet,,,,,"Take away video, keep speech and turn it into a voice memo format (just like Doc UI)","X, Instagram",,
X,Quote,"Everyone thought the implementation of electronic health records would be a massive upgrade in efficiency and productivity. 

Then we regulated it so that only cumbersome, outdated software was allowed in Medicare. We let incumbents write the rules regulating the market. They throttled competition and ensured we were left with crap that not only failed to deliver on the promise of technology but actually made the practice of medicine worse. It drove thousands of doctors into early retirement and transformed the art of medicine into the slog of data entry. 

So pardon me if I‚Äôm a little jaded about the promise of AI.",N/A,,@DrDiGiorgio,"Create bubble messages, making Doc interact with the X post (as if the poster would've interacted with Doc)","X, Instagram, LinkedIn",https://x.com/DrDiGiorgio/status/2014948602473279641,https://drive.google.com/file/d/1uVSYDM2MIfvW7yMLxz0bGb_YsanAaonI/view?usp=drive_link
X,Quote,Epic: slowing care one hard stop at a time.,N/A,,@DrDiGiorgio,"Create bubble messages, making Doc interact with the X post (as if the poster would've interacted with Doc)","X, Instagram, LinkedIn",https://x.com/DrDiGiorgio/status/2014559100529459359?s=20,https://drive.google.com/file/d/15I0nBiGssTfo1fErsprjLgDOrJYCco_R/view?usp=drive_link
X,Quote,"Because consolidation drives up prices. Independence practices such as ours continue to struggle while large ‚ÄúNon-Profit‚Äù health systems benefit from structural advantages such as 340b drug pricing, hospital outpatient departments ‚Ä¶ all while not paying taxes nor providing charity care. 

We accept Medicare and Medicaid and do not receive DSH payments, game payments nor 340b benefits ‚Ä¶ all while large hospital systems benefit from all of these government programs.",N/A,,@BrandonBealMD,"Create bubble messages, making Doc interact with the X post (as if the poster would've interacted with Doc)","X, Instagram, LinkedIn",https://x.com/BrandonBealMD/status/2014932039137480858?s=20,https://drive.google.com/file/d/1TxA3ICkBgCrEpdaYFYeExvHptJpUBdIj/view?usp=drive_link
X,Quote,"üö® Insurance companies are now pressuring hospitals to remove physicians who won‚Äôt accept insurer-controlled contracts.

Not for quality.
Not for safety.

But for refusing unfair reimbursement terms.

That‚Äôs not ‚Äúchoice.‚Äù
That‚Äôs coercion.

Medicine cannot be open and accessible to everyone while third parties control whether or not your doctor can see you now.",N/A,,@LeahHoustonMD,"Create bubble messages, making Doc interact with the X post (as if the poster would've interacted with Doc)","X, Instagram, LinkedIn",https://x.com/LeahHoustonMD/status/2005287471270002804?s=20,https://drive.google.com/file/d/19Ndt-84d6DSatD-kh1Rg3Z196XGS1ERP/view?usp=drive_link
X,Quote,"The independent physicians are the ones seeing the uninsured patients and performing the emergency surgery. And unlike the nonprofit hospitals, we don‚Äôt get paid. Nothing happens in the emergency room without the physicians",N/A,,@realdocspeaks,"Create bubble messages, making Doc interact with the X post (as if the poster would've interacted with Doc)","X, Instagram, LinkedIn",https://x.com/realdocspeaks/status/2015042901424603602?s=20,https://drive.google.com/file/d/1NXH5nODQKRw_zsaYzRGvRnj6UgTQiEov/view?usp=drive_link
X,Quote,"Makes so much sense that the doctor should be serving the government and not the patient.
",N/A,,@MehnazHyderMD,"Create bubble messages, making Doc interact with the X post (as if the poster would've interacted with Doc)","X, Instagram, LinkedIn",https://x.com/MehnazHyderMD/status/2014536250863321301?s=20,https://drive.google.com/file/d/1EvTWROonzoTBAkpWG2inl9gzMIggUBQ5/view?usp=drive_link
X,Quote,"Doctors, no one is coming to save us, or our patients. Don‚Äôt expect the politicians, or our medical organizations to come to our rescue. It‚Äôs up to us! We surrendered our profession years ago to the suits, time to fight and take it back. Time to build our own system. Calling and emailing our reps hasnt worked, they are all compromised, persuaded only by money and lobbyists. 
We must:
1. Build more physician owned hospitals 
2. Align private practices together to negotiate insurances (health, malpractice, liability), purchasing(GPOS)
3. Form CINs(Clinically Integrated Networks)
4. Contract directly with employers
5. Expand DPC 
6. Pool knowledge and resources to support private practices
7. Form our own PAC and fund it to at least 50M then lobby on our behalf
8. Educate med students and residents",N/A,,@txsportsdoc,"Create bubble messages, making Doc interact with the X post (as if the poster would've interacted with Doc)","X, Instagram, LinkedIn",https://x.com/txsportsdoc/status/2012591814167961672?s=20,https://drive.google.com/file/d/1_Rx_XueiSXSmNhJNQJFycG_nz9Wt5_Hs/view?usp=drive_link
X,Quote,"It was an honor to be recognized at the 2025 Anti-Monopoy Summit in Washington, DC ‚Äî alongside policymakers, small business owners, workers, and advocates ‚Äî for speaking out about what‚Äôs at stake in healthcare today.

Independent physician practices are under attack by healthcare monopolies, and patients are paying the price. We cannot accept ‚Äúinsurance care‚Äù as the new normal. We must fight for a system where doctors have a voice, where care comes before profit, and where patients come first.",N/A,,@EPotterMD,"Create bubble messages, making Doc interact with the X post (as if the poster would've interacted with Doc)","X, Instagram, LinkedIn",https://x.com/EPotterMD/status/1970258890467233932?s=20,https://drive.google.com/file/d/1f8jxQd1UjW4v3BEyjzvtGWfS9zdVAKy_/view?usp=drive_link
X,Quote,"I‚Äôve spent 10 years in the ER, fighting for patients at their most vulnerable.
Now, I‚Äôm fighting for doctors.

For thousands of years, the doctor-patient relationship was sacred.
In the U.S., it‚Äôs been hijacked‚Äî30+ years of corporate interests reshaping care for profit.

The consequences?
Burned-out doctors.
Frustrated patients.
Broken trust.

It's time we take it back.",N/A,,@LeahHoustonMD,"Create bubble messages, making Doc interact with the X post (as if the poster would've interacted with Doc)","X, Instagram, LinkedIn",https://x.com/LeahHoustonMD/status/1928059218830991698,https://drive.google.com/file/d/1eSAfuetgcoyL_Bc_oRasYVWS96U2u4ZW/view?usp=drive_link
X,Quote,"Medicine in this country is on life support ‚Äî and it‚Äôs not because of patients or science. It‚Äôs because insurance companies and hospital executives have hijacked care. Paper-pushers with zero clinical training decide what can and cannot be prescribed, delaying or denying lifesaving treatments while hiding behind ‚Äúpolicy‚Äù and ‚Äúcost containment.‚Äù Meanwhile, politicians and corporate boards meddle in care, turning doctors into fearful employees who obey billing codes instead of fighting for the sick human being in front of them.",N/A,,@joevaron,"Create bubble messages, making Doc interact with the X post (as if the poster would've interacted with Doc)","X, Instagram, LinkedIn",https://x.com/joevaron/status/1972415017564749854?s=20,https://drive.google.com/file/d/1dzjQg8LkoBs6WqxDuy2HRgCpx5uQKwr9/view?usp=drive_link
X,Quote,"I am physically exhausted‚Ä¶ not from caring for patients ‚Äî that still fuels me every single day ‚Äî but from fighting a system that seems built to crush doctors who actually want to heal. Endless bureaucracy. Red tape so thick it strangles common sense. People with no clinical experience are deciding what care is ‚Äúallowed.‚Äù I finally understand why so many of my friends have left medicine. They didn‚Äôt stop caring; they couldn‚Äôt keep fighting a machine that puts paperwork over patients. We were trained to save lives, not to beg for approvals and defend every decision to a panel of strangers. Medicine is bleeding talent because the system rewards compliance rather than courage. Patients deserve better.",N/A,,@joevaron,"Create bubble messages, making Doc interact with the X post (as if the poster would've interacted with Doc)","X, Instagram, LinkedIn",https://x.com/joevaron/status/1973118158090444861?s=20,https://drive.google.com/file/d/1b-IWa0T94SM0D7igMlaX5oUwHKYps-mr/view?usp=drive_link
LinkedIn,Quote,"Physicians are not just good at practicing medicine, we are also very good about complaining. Complaining about hospital systems, health insurance companies, and the health system as a whole.

Are these complaints well founded? Of course they are! But simply complaining about it won't change much. It will just make the doctors' lounge more insufferable.

Should we lobby congress to get things change? Only if you want to achieve incremental change at a glacial pace in one of the most expensive ways possible.

Or, since physicians make the gears of the healthcare system run, we can simply stop participating in the games. Stop taking health insurance, stop working with large health systems. That is how real change actually happens.

If we don't have the creativity and risk taking ability to make it happen, it never will.",N/A,,"@Daniel Paull, M.D.","Interact directly with posts, lead to Doc",LinkedIn,https://www.linkedin.com/posts/easyorthopedics_healthcare-medicine-directcare-activity-7413982791887089664-4CGL?utm_source=share&utm_medium=member_desktop&rcm=ACoAAFKLrhUBS1OFx3sA4m_PyfQVfXhEYPGZ6Yk,https://drive.google.com/file/d/1Xu41Gsapvv5oHevuSAH1Fd5D-dKGnq-X/view?usp=drive_link
LinkedIn,Quote,"Burnout‚Äù is a term I don‚Äôt personally identify with.
That‚Äôs not to say it doesn‚Äôt exist‚Äîit absolutely does, and not just in medicine.

Burnout is defined as a state of emotional, physical, and mental exhaustion caused by excessive, prolonged, and unmanaged workplace stress. It‚Äôs characterized by three key elements:
‚Ä¢ overwhelming exhaustion
‚Ä¢ growing cynicism or mental distance from one‚Äôs work
‚Ä¢ a reduced sense of professional effectiveness",N/A,,"@Brian Cohen, MD","Interact directly with posts, lead to Doc",LinkedIn,https://www.linkedin.com/posts/brian-cohen-md-35b933a_doctorslife-physicianburnout-medicalburnout-activity-7420995713297281025-00Rh?utm_source=share&utm_medium=member_desktop&rcm=ACoAAFKLrhUBS1OFx3sA4m_PyfQVfXhEYPGZ6Yk,https://drive.google.com/file/d/1PBjyGvql9t_tbTOVDoj_GEHVZG1CCLQi/view?usp=drive_link
LinkedIn,Quote,"‚ÄúThe system may be broken. But the practice of medicine is not.‚Äù
That‚Äôs the premise- and the promise- at the heart of a new series I‚Äôll be publishing this year.

As I step down as President of IndeDocs, I‚Äôve been reflecting on the biggest gap I see in medicine today:
‚û°Ô∏è Not clinical skill.
‚û°Ô∏è Not technology.
‚û°Ô∏è Not dedication.",N/A,,@Marcelo Hochman,"Interact directly with posts, lead to Doc",LinkedIn,https://www.linkedin.com/posts/drmarcelohochman_the-system-may-be-broken-but-the-practice-activity-7420110545678151681-xrRo?utm_source=share&utm_medium=member_desktop&rcm=ACoAAFKLrhUBS1OFx3sA4m_PyfQVfXhEYPGZ6Yk,https://drive.google.com/file/d/1_JAFCeurGCCuatILKabl7rb4fnq6Ohx4/view?usp=drive_link
LinkedIn,Quote,"I sent this to the NY Times but they decided not to run the story
Subject: Systemic Non-Payment by Blue Cross Blue Shield Crippling NYC Medical Practices & Patient Care
Dear Editor,
I am writing to bring attention to a healthcare crisis. Blue Cross Blue Shield (BCBS) has not reimbursed medical practices for services rendered for over four years. This creates an untenable situation for providers and jeopardizes patient access to care.",N/A,,@Neofitos Stefanides,"Interact directly with posts, lead to Doc",LinkedIn,https://www.linkedin.com/posts/activity-7420855195577851905-0vxy?utm_source=share&utm_medium=member_desktop&rcm=ACoAAFKLrhUBS1OFx3sA4m_PyfQVfXhEYPGZ6Yk,N/A TOO LONG BUT HAS A GOOD STORY
LinkedIn,Quote,"I have long supported independent physician practices. They are a critical component of a healthy marketplace. However we are being squeezed continuously by larger entities and you don‚Äôt need to be in healthcare to know that we are not in healthy marketplace anymore. 

Physician ownership has plummeted and yet there is more burnout than ever. I truly believe that this is directly correlated. 
",N/A,,@Tarang Patel,"Interact directly with posts, lead to Doc",LinkedIn,https://www.linkedin.com/posts/tarang-patel-005664139_i-have-long-supported-independent-physician-activity-7411058034774470656-4cft?utm_source=share&utm_medium=member_desktop&rcm=ACoAAFKLrhUBS1OFx3sA4m_PyfQVfXhEYPGZ6Yk,https://drive.google.com/file/d/1YDJUXuw8HxUCpiisfmo0Ahpeh5FbvaJ-/view?usp=drive_link
LinkedIn,Quote,Medicine has transformed beyond recognition‚Äîand not for the better. The greatest threat to our profession today isn‚Äôt advancing science or complex cases. It‚Äôs the business of medicine. The suffocating bureaucracy. The relentless corporatization that makes it harder every day to walk into work with a genuine smile and deliver the uncompromising care patients deserve.,N/A,,@Brian Badman,"Interact directly with posts, lead to Doc",LinkedIn,https://www.linkedin.com/posts/brian-badman-45118637_medicine-healthcare-physicianburnout-activity-7417733017118494720-F6YU?utm_source=share&utm_medium=member_desktop&rcm=ACoAAFKLrhUBS1OFx3sA4m_PyfQVfXhEYPGZ6Yk,N/A TOO LONG BUT HAS A GOOD STORY
LinkedIn,Quote,Pretty much explains our broken almost shatterred health care system. Unfortunately I don‚Äôt think it‚Äôs going to be fixed any time soon.,N/A,,@Steven Abelowitz MD FAAP,"Interact directly with posts, lead to Doc",LinkedIn,https://www.linkedin.com/posts/steven-abelowitz-md-faap-a5b0b01b_pretty-much-explains-our-broken-almost-shatterred-activity-7418474612138668032-Javq?utm_source=share&utm_medium=member_desktop&rcm=ACoAAFKLrhUBS1OFx3sA4m_PyfQVfXhEYPGZ6Yk,https://drive.google.com/file/d/1YDJUXuw8HxUCpiisfmo0Ahpeh5FbvaJ-/view?usp=drive_link
News,Quote,"Traci said, ""Many of his treatments were denied. We had PET scans, we had CT scans denied. We had chemotherapy, we had radiation, we had certain medications that required prior-authorization, and were denied.""",N/A,,,,,https://www.cbsnews.com/news/state-of-denial-how-insurance-companies-impact-health-care-today/,